﻿Designator,Footprint,Quantity,Value,LCSC Part #
"D1, D10, D11, D12, D13, D14, D15, D16, D17, D18, D19, D20, D21, D22, D23, D24, D25, D26, D27, D28, D29, D3, D4, D5, D6, D63, D7, D8, D9",Diode_DO-35,29,Diode,
"D2, D58, D59, D65, D66, D67",LED_WS2812B,6,LED_WS2812B,
J1,USB_C_Receptacle_GCT_USB4085,1,USB_C_Receptacle_USB2.0_16P,
J3,OLED_128x32,1,OLED_128x32,
J5,PinHeader_1x03_P2.54mm_Vertical,1,Conn_01x03,
"S1, S10, S11, S12, S13, S14, S15, S16, S17, S18, S19, S2, S20, S21, S22, S23, S24, S25, S26, S27, S28, S3, S4, S5, S6, S7, S8, S9",MX_PCB_1.00u,28,Keyswitch,
SW1,RotaryEncoder_Alps_EC11E-Switch_Vertical_H20mm,1,RotaryEncoder_Switch_MP,
U1,Raspberry_Pi_Pico,1,Raspberry_Pi_Pico,
